<?xml version="1.0" encoding="UTF-8"?>
<!DOCTYPE plist PUBLIC "-//Apple Computer//DTD PLIST 1.0//EN" "http://www.apple.com/DTDs/PropertyList-1.0.dtd">
<plist version="1.0">
<dict>
	<key>LayoutID</key>
	<integer>88</integer>
	<key>PathMapRef</key>
	<array>
		<dict>
			<key>CodecID</key>
		<array>
			<integer>269697542</integer>
		</array>
			<key>ExtMic</key>
		<dict>
			<key>HeadsetMic_dBV</key>
			<integer>1088421888</integer>
		</dict>
			<key>Headphone</key>
		<dict>
			<key>AmpPostDelay</key>
			<integer>150</integer>
			<key>AmpPreDelay</key>
			<integer>150</integer>
			<key>Headset_dBV</key>
			<integer>-1055916032</integer>
			<key>MuteGPIO</key>
			<integer>1</integer>
		</dict>
			<key>Inputs</key>
		<array>
			<string>ExtMic</string>
			<string>LineIn</string>
			<string>SPDIFIn</string>
		</array>
			<key>IntSpeaker</key>
		<dict>
			<key>AmpPostDelay</key>
			<integer>150</integer>
			<key>AmpPreDelay</key>
			<integer>150</integer>
			<key>MaximumBootBeepValue</key>
			<integer>107</integer>
			<key>MuteGPIO</key>
			<integer>3</integer>
			<key>SignalProcessing</key>
		<dict>
			<key>SoftwareDSP</key>
		<dict>
			<key>DspFunction0</key>
		<dict>
			<key>FunctionInfo</key>
		<dict>
			<key>DspFuncInstance</key>
			<integer>0</integer>
			<key>DspFuncName</key>
			<string>DspStereoToMono</string>
			<key>DspFuncProcessingIndex</key>
			<integer>0</integer>
		</dict>
			<key>ParameterInfo</key>
		<dict>
			<key>1</key>
			<integer>0</integer>
			<key>2</key>
			<integer>1065353216</integer>
			<key>3</key>
			<integer>1065353216</integer>
			<key>4</key>
			<integer>0</integer>
			<key>5</key>
			<integer>1056964608</integer>
		</dict>
			<key>PatchbayInfo</key>
			<dict/>
		</dict>
			<key>DspFunction1</key>
		<dict>
			<key>FunctionInfo</key>
		<dict>
			<key>DspFuncInstance</key>
			<integer>1</integer>
			<key>DspFuncName</key>
			<string>DspEqualization32</string>
			<key>DspFuncProcessingIndex</key>
			<integer>1</integer>
		</dict>
			<key>ParameterInfo</key>
		<dict>
			<key>1</key>
			<integer>0</integer>
			<key>9</key>
			<integer>0</integer>
			<key>Filter</key>
		<array>
			<dict>
				<key>2</key>
				<integer>0</integer>
				<key>3</key>
				<integer>0</integer>
				<key>4</key>
				<integer>0</integer>
				<key>5</key>
				<integer>1</integer>
				<key>6</key>
				<integer>1124648498</integer>
				<key>7</key>
				<integer>1060439283</integer>
				<key>8</key>
				<integer>-1069504319</integer>
			</dict>
			<dict>
				<key>2</key>
				<integer>0</integer>
				<key>3</key>
				<integer>1</integer>
				<key>4</key>
				<integer>0</integer>
				<key>5</key>
				<integer>1</integer>
				<key>6</key>
				<integer>1112155786</integer>
				<key>7</key>
				<integer>1060439283</integer>
				<key>8</key>
				<integer>-1069504319</integer>
			</dict>
			<dict>
				<key>2</key>
				<integer>0</integer>
				<key>3</key>
				<integer>2</integer>
				<key>4</key>
				<integer>0</integer>
				<key>5</key>
				<integer>4</integer>
				<key>6</key>
				<integer>1131868244</integer>
				<key>7</key>
				<integer>1097990167</integer>
				<key>8</key>
				<integer>-1076100424</integer>
			</dict>
			<dict>
				<key>2</key>
				<integer>0</integer>
				<key>3</key>
				<integer>3</integer>
				<key>4</key>
				<integer>0</integer>
				<key>5</key>
				<integer>4</integer>
				<key>6</key>
				<integer>1133725543</integer>
				<key>7</key>
				<integer>1096776668</integer>
				<key>8</key>
				<integer>-1070648942</integer>
			</dict>
			<dict>
				<key>2</key>
				<integer>0</integer>
				<key>3</key>
				<integer>4</integer>
				<key>4</key>
				<integer>0</integer>
				<key>5</key>
				<integer>6</integer>
				<key>6</key>
				<integer>1152224311</integer>
				<key>7</key>
				<integer>1064303591</integer>
				<key>8</key>
				<integer>1074164592</integer>
			</dict>
			<dict>
				<key>2</key>
				<integer>0</integer>
				<key>3</key>
				<integer>5</integer>
				<key>4</key>
				<integer>0</integer>
				<key>5</key>
				<integer>4</integer>
				<key>6</key>
				<integer>1140896496</integer>
				<key>7</key>
				<integer>1095033014</integer>
				<key>8</key>
				<integer>-1064796942</integer>
			</dict>
			<dict>
				<key>2</key>
				<integer>0</integer>
				<key>3</key>
				<integer>6</integer>
				<key>4</key>
				<integer>0</integer>
				<key>5</key>
				<integer>4</integer>
				<key>6</key>
				<integer>1134819966</integer>
				<key>7</key>
				<integer>1098121219</integer>
				<key>8</key>
				<integer>-1064262919</integer>
			</dict>
			<dict>
				<key>2</key>
				<integer>0</integer>
				<key>3</key>
				<integer>7</integer>
				<key>4</key>
				<integer>0</integer>
				<key>5</key>
				<integer>4</integer>
				<key>6</key>
				<integer>1150066688</integer>
				<key>7</key>
				<integer>1091138652</integer>
				<key>8</key>
				<integer>-1072251010</integer>
			</dict>
			<dict>
				<key>2</key>
				<integer>0</integer>
				<key>3</key>
				<integer>8</integer>
				<key>4</key>
				<integer>0</integer>
				<key>5</key>
				<integer>4</integer>
				<key>6</key>
				<integer>1140440754</integer>
				<key>7</key>
				<integer>1089534990</integer>
				<key>8</key>
				<integer>-1059189703</integer>
			</dict>
			<dict>
				<key>2</key>
				<integer>0</integer>
				<key>3</key>
				<integer>9</integer>
				<key>4</key>
				<integer>0</integer>
				<key>5</key>
				<integer>4</integer>
				<key>6</key>
				<integer>1149280520</integer>
				<key>7</key>
				<integer>1090634553</integer>
				<key>8</key>
				<integer>-1058388668</integer>
			</dict>
			<dict>
				<key>2</key>
				<integer>0</integer>
				<key>3</key>
				<integer>10</integer>
				<key>4</key>
				<integer>0</integer>
				<key>5</key>
				<integer>4</integer>
				<key>6</key>
				<integer>1137885361</integer>
				<key>7</key>
				<integer>1095316095</integer>
				<key>8</key>
				<integer>-1055407041</integer>
			</dict>
			<dict>
				<key>2</key>
				<integer>0</integer>
				<key>3</key>
				<integer>11</integer>
				<key>4</key>
				<integer>0</integer>
				<key>5</key>
				<integer>4</integer>
				<key>6</key>
				<integer>1161820168</integer>
				<key>7</key>
				<integer>1085069756</integer>
				<key>8</key>
				<integer>-1065842737</integer>
			</dict>
			<dict>
				<key>2</key>
				<integer>0</integer>
				<key>3</key>
				<integer>12</integer>
				<key>4</key>
				<integer>0</integer>
				<key>5</key>
				<integer>4</integer>
				<key>6</key>
				<integer>1142292480</integer>
				<key>7</key>
				<integer>1093382467</integer>
				<key>8</key>
				<integer>-1066376759</integer>
			</dict>
			<dict>
				<key>2</key>
				<integer>0</integer>
				<key>3</key>
				<integer>13</integer>
				<key>4</key>
				<integer>0</integer>
				<key>5</key>
				<integer>4</integer>
				<key>6</key>
				<integer>1144811740</integer>
				<key>7</key>
				<integer>1087840785</integer>
				<key>8</key>
				<integer>-1059990737</integer>
			</dict>
			<dict>
				<key>2</key>
				<integer>0</integer>
				<key>3</key>
				<integer>14</integer>
				<key>4</key>
				<integer>0</integer>
				<key>5</key>
				<integer>4</integer>
				<key>6</key>
				<integer>1137779658</integer>
				<key>7</key>
				<integer>1080281364</integer>
				<key>8</key>
				<integer>-1071716987</integer>
			</dict>
			<dict>
				<key>2</key>
				<integer>0</integer>
				<key>3</key>
				<integer>15</integer>
				<key>4</key>
				<integer>0</integer>
				<key>5</key>
				<integer>4</integer>
				<key>6</key>
				<integer>1147348618</integer>
				<key>7</key>
				<integer>1094788246</integer>
				<key>8</key>
				<integer>-1061859817</integer>
			</dict>
			<dict>
				<key>2</key>
				<integer>0</integer>
				<key>3</key>
				<integer>16</integer>
				<key>4</key>
				<integer>0</integer>
				<key>5</key>
				<integer>4</integer>
				<key>6</key>
				<integer>1139303905</integer>
				<key>7</key>
				<integer>1095397836</integer>
				<key>8</key>
				<integer>-1063728896</integer>
			</dict>
			<dict>
				<key>2</key>
				<integer>0</integer>
				<key>3</key>
				<integer>17</integer>
				<key>4</key>
				<integer>0</integer>
				<key>5</key>
				<integer>4</integer>
				<key>6</key>
				<integer>1148916548</integer>
				<key>7</key>
				<integer>1097433102</integer>
				<key>8</key>
				<integer>-1058655680</integer>
			</dict>
			<dict>
				<key>2</key>
				<integer>0</integer>
				<key>3</key>
				<integer>18</integer>
				<key>4</key>
				<integer>0</integer>
				<key>5</key>
				<integer>4</integer>
				<key>6</key>
				<integer>1166051968</integer>
				<key>7</key>
				<integer>1091585851</integer>
				<key>8</key>
				<integer>-1069046873</integer>
			</dict>
			<dict>
				<key>2</key>
				<integer>0</integer>
				<key>3</key>
				<integer>19</integer>
				<key>4</key>
				<integer>0</integer>
				<key>5</key>
				<integer>4</integer>
				<key>6</key>
				<integer>1163329713</integer>
				<key>7</key>
				<integer>1094007922</integer>
				<key>8</key>
				<integer>-1067978828</integer>
			</dict>
			<dict>
				<key>2</key>
				<integer>0</integer>
				<key>3</key>
				<integer>20</integer>
				<key>4</key>
				<integer>0</integer>
				<key>5</key>
				<integer>4</integer>
				<key>6</key>
				<integer>1167924135</integer>
				<key>7</key>
				<integer>1090868144</integer>
				<key>8</key>
				<integer>-1072251010</integer>
			</dict>
			<dict>
				<key>2</key>
				<integer>0</integer>
				<key>3</key>
				<integer>21</integer>
				<key>4</key>
				<integer>0</integer>
				<key>5</key>
				<integer>4</integer>
				<key>6</key>
				<integer>1143238461</integer>
				<key>7</key>
				<integer>1096877233</integer>
				<key>8</key>
				<integer>-1053137444</integer>
			</dict>
			<dict>
				<key>2</key>
				<integer>0</integer>
				<key>3</key>
				<integer>22</integer>
				<key>4</key>
				<integer>0</integer>
				<key>5</key>
				<integer>4</integer>
				<key>6</key>
				<integer>1169686678</integer>
				<key>7</key>
				<integer>1094246495</integer>
				<key>8</key>
				<integer>-1076100424</integer>
			</dict>
			<dict>
				<key>2</key>
				<integer>0</integer>
				<key>3</key>
				<integer>23</integer>
				<key>4</key>
				<integer>0</integer>
				<key>5</key>
				<integer>4</integer>
				<key>6</key>
				<integer>1173076647</integer>
				<key>7</key>
				<integer>1093162751</integer>
				<key>8</key>
				<integer>-1064796942</integer>
			</dict>
			<dict>
				<key>2</key>
				<integer>0</integer>
				<key>3</key>
				<integer>24</integer>
				<key>4</key>
				<integer>0</integer>
				<key>5</key>
				<integer>4</integer>
				<key>6</key>
				<integer>1170772547</integer>
				<key>7</key>
				<integer>1083905041</integer>
				<key>8</key>
				<integer>-1065330965</integer>
			</dict>
			<dict>
				<key>2</key>
				<integer>0</integer>
				<key>3</key>
				<integer>25</integer>
				<key>4</key>
				<integer>0</integer>
				<key>5</key>
				<integer>4</integer>
				<key>6</key>
				<integer>1164342376</integer>
				<key>7</key>
				<integer>1095353992</integer>
				<key>8</key>
				<integer>-1067978828</integer>
			</dict>
			<dict>
				<key>2</key>
				<integer>0</integer>
				<key>3</key>
				<integer>26</integer>
				<key>4</key>
				<integer>0</integer>
				<key>5</key>
				<integer>4</integer>
				<key>6</key>
				<integer>1172098955</integer>
				<key>7</key>
				<integer>1091935960</integer>
				<key>8</key>
				<integer>-1070114919</integer>
			</dict>
			<dict>
				<key>2</key>
				<integer>0</integer>
				<key>3</key>
				<integer>27</integer>
				<key>4</key>
				<integer>0</integer>
				<key>5</key>
				<integer>4</integer>
				<key>6</key>
				<integer>1172137149</integer>
				<key>7</key>
				<integer>1081470387</integer>
				<key>8</key>
				<integer>-1072251010</integer>
			</dict>
			<dict>
				<key>2</key>
				<integer>0</integer>
				<key>3</key>
				<integer>28</integer>
				<key>4</key>
				<integer>0</integer>
				<key>5</key>
				<integer>4</integer>
				<key>6</key>
				<integer>1135453107</integer>
				<key>7</key>
				<integer>1093767359</integer>
				<key>8</key>
				<integer>-1070114919</integer>
			</dict>
			<dict>
				<key>2</key>
				<integer>0</integer>
				<key>3</key>
				<integer>29</integer>
				<key>4</key>
				<integer>0</integer>
				<key>5</key>
				<integer>4</integer>
				<key>6</key>
				<integer>1130619939</integer>
				<key>7</key>
				<integer>1089014565</integer>
				<key>8</key>
				<integer>-1077168470</integer>
			</dict>
			<dict>
				<key>2</key>
				<integer>0</integer>
				<key>3</key>
				<integer>30</integer>
				<key>4</key>
				<integer>0</integer>
				<key>5</key>
				<integer>4</integer>
				<key>6</key>
				<integer>1174727283</integer>
				<key>7</key>
				<integer>1085219067</integer>
				<key>8</key>
				<integer>-1065842737</integer>
			</dict>
			<dict>
				<key>2</key>
				<integer>0</integer>
				<key>3</key>
				<integer>31</integer>
				<key>4</key>
				<integer>0</integer>
				<key>5</key>
				<integer>0</integer>
				<key>6</key>
				<integer>1180105272</integer>
				<key>7</key>
				<integer>1058009874</integer>
				<key>8</key>
				<integer>-1063254812</integer>
			</dict>
			<dict>
				<key>2</key>
				<integer>1</integer>
				<key>3</key>
				<integer>0</integer>
				<key>4</key>
				<integer>0</integer>
				<key>5</key>
				<integer>1</integer>
				<key>6</key>
				<integer>1124648498</integer>
				<key>7</key>
				<integer>1060439283</integer>
				<key>8</key>
				<integer>-1069504319</integer>
			</dict>
			<dict>
				<key>2</key>
				<integer>1</integer>
				<key>3</key>
				<integer>1</integer>
				<key>4</key>
				<integer>0</integer>
				<key>5</key>
				<integer>1</integer>
				<key>6</key>
				<integer>1112155786</integer>
				<key>7</key>
				<integer>1060439283</integer>
				<key>8</key>
				<integer>-1069504319</integer>
			</dict>
			<dict>
				<key>2</key>
				<integer>1</integer>
				<key>3</key>
				<integer>2</integer>
				<key>4</key>
				<integer>0</integer>
				<key>5</key>
				<integer>4</integer>
				<key>6</key>
				<integer>1131868244</integer>
				<key>7</key>
				<integer>1097990167</integer>
				<key>8</key>
				<integer>-1076100424</integer>
			</dict>
			<dict>
				<key>2</key>
				<integer>1</integer>
				<key>3</key>
				<integer>3</integer>
				<key>4</key>
				<integer>0</integer>
				<key>5</key>
				<integer>4</integer>
				<key>6</key>
				<integer>1133725543</integer>
				<key>7</key>
				<integer>1096776668</integer>
				<key>8</key>
				<integer>-1070648942</integer>
			</dict>
			<dict>
				<key>2</key>
				<integer>1</integer>
				<key>3</key>
				<integer>4</integer>
				<key>4</key>
				<integer>0</integer>
				<key>5</key>
				<integer>6</integer>
				<key>6</key>
				<integer>1152224311</integer>
				<key>7</key>
				<integer>1064303591</integer>
				<key>8</key>
				<integer>1074164592</integer>
			</dict>
			<dict>
				<key>2</key>
				<integer>1</integer>
				<key>3</key>
				<integer>5</integer>
				<key>4</key>
				<integer>0</integer>
				<key>5</key>
				<integer>4</integer>
				<key>6</key>
				<integer>1140896496</integer>
				<key>7</key>
				<integer>1095033014</integer>
				<key>8</key>
				<integer>-1064796942</integer>
			</dict>
			<dict>
				<key>2</key>
				<integer>1</integer>
				<key>3</key>
				<integer>6</integer>
				<key>4</key>
				<integer>0</integer>
				<key>5</key>
				<integer>4</integer>
				<key>6</key>
				<integer>1134819966</integer>
				<key>7</key>
				<integer>1098121219</integer>
				<key>8</key>
				<integer>-1064262919</integer>
			</dict>
			<dict>
				<key>2</key>
				<integer>1</integer>
				<key>3</key>
				<integer>7</integer>
				<key>4</key>
				<integer>0</integer>
				<key>5</key>
				<integer>4</integer>
				<key>6</key>
				<integer>1150066688</integer>
				<key>7</key>
				<integer>1091138652</integer>
				<key>8</key>
				<integer>-1072251010</integer>
			</dict>
			<dict>
				<key>2</key>
				<integer>1</integer>
				<key>3</key>
				<integer>8</integer>
				<key>4</key>
				<integer>0</integer>
				<key>5</key>
				<integer>4</integer>
				<key>6</key>
				<integer>1140440754</integer>
				<key>7</key>
				<integer>1089534990</integer>
				<key>8</key>
				<integer>-1059189703</integer>
			</dict>
			<dict>
				<key>2</key>
				<integer>1</integer>
				<key>3</key>
				<integer>9</integer>
				<key>4</key>
				<integer>0</integer>
				<key>5</key>
				<integer>4</integer>
				<key>6</key>
				<integer>1149280520</integer>
				<key>7</key>
				<integer>1090634553</integer>
				<key>8</key>
				<integer>-1058388668</integer>
			</dict>
			<dict>
				<key>2</key>
				<integer>1</integer>
				<key>3</key>
				<integer>10</integer>
				<key>4</key>
				<integer>0</integer>
				<key>5</key>
				<integer>4</integer>
				<key>6</key>
				<integer>1137885361</integer>
				<key>7</key>
				<integer>1095316095</integer>
				<key>8</key>
				<integer>-1055407041</integer>
			</dict>
			<dict>
				<key>2</key>
				<integer>1</integer>
				<key>3</key>
				<integer>11</integer>
				<key>4</key>
				<integer>0</integer>
				<key>5</key>
				<integer>4</integer>
				<key>6</key>
				<integer>1161820168</integer>
				<key>7</key>
				<integer>1085069756</integer>
				<key>8</key>
				<integer>-1065842737</integer>
			</dict>
			<dict>
				<key>2</key>
				<integer>1</integer>
				<key>3</key>
				<integer>12</integer>
				<key>4</key>
				<integer>0</integer>
				<key>5</key>
				<integer>4</integer>
				<key>6</key>
				<integer>1142292480</integer>
				<key>7</key>
				<integer>1093382467</integer>
				<key>8</key>
				<integer>-1066376759</integer>
			</dict>
			<dict>
				<key>2</key>
				<integer>1</integer>
				<key>3</key>
				<integer>13</integer>
				<key>4</key>
				<integer>0</integer>
				<key>5</key>
				<integer>4</integer>
				<key>6</key>
				<integer>1144811740</integer>
				<key>7</key>
				<integer>1087840785</integer>
				<key>8</key>
				<integer>-1059990737</integer>
			</dict>
			<dict>
				<key>2</key>
				<integer>1</integer>
				<key>3</key>
				<integer>14</integer>
				<key>4</key>
				<integer>0</integer>
				<key>5</key>
				<integer>4</integer>
				<key>6</key>
				<integer>1137779658</integer>
				<key>7</key>
				<integer>1080281364</integer>
				<key>8</key>
				<integer>-1071716987</integer>
			</dict>
			<dict>
				<key>2</key>
				<integer>1</integer>
				<key>3</key>
				<integer>15</integer>
				<key>4</key>
				<integer>0</integer>
				<key>5</key>
				<integer>4</integer>
				<key>6</key>
				<integer>1147348618</integer>
				<key>7</key>
				<integer>1094788246</integer>
				<key>8</key>
				<integer>-1061859817</integer>
			</dict>
			<dict>
				<key>2</key>
				<integer>1</integer>
				<key>3</key>
				<integer>16</integer>
				<key>4</key>
				<integer>0</integer>
				<key>5</key>
				<integer>4</integer>
				<key>6</key>
				<integer>1139303905</integer>
				<key>7</key>
				<integer>1095397836</integer>
				<key>8</key>
				<integer>-1063728896</integer>
			</dict>
			<dict>
				<key>2</key>
				<integer>1</integer>
				<key>3</key>
				<integer>17</integer>
				<key>4</key>
				<integer>0</integer>
				<key>5</key>
				<integer>4</integer>
				<key>6</key>
				<integer>1148916548</integer>
				<key>7</key>
				<integer>1097433102</integer>
				<key>8</key>
				<integer>-1058655680</integer>
			</dict>
			<dict>
				<key>2</key>
				<integer>1</integer>
				<key>3</key>
				<integer>18</integer>
				<key>4</key>
				<integer>0</integer>
				<key>5</key>
				<integer>4</integer>
				<key>6</key>
				<integer>1166051968</integer>
				<key>7</key>
				<integer>1091585851</integer>
				<key>8</key>
				<integer>-1069046873</integer>
			</dict>
			<dict>
				<key>2</key>
				<integer>1</integer>
				<key>3</key>
				<integer>19</integer>
				<key>4</key>
				<integer>0</integer>
				<key>5</key>
				<integer>4</integer>
				<key>6</key>
				<integer>1163329713</integer>
				<key>7</key>
				<integer>1094007922</integer>
				<key>8</key>
				<integer>-1067978828</integer>
			</dict>
			<dict>
				<key>2</key>
				<integer>1</integer>
				<key>3</key>
				<integer>20</integer>
				<key>4</key>
				<integer>0</integer>
				<key>5</key>
				<integer>4</integer>
				<key>6</key>
				<integer>1167924135</integer>
				<key>7</key>
				<integer>1090868144</integer>
				<key>8</key>
				<integer>-1072251010</integer>
			</dict>
			<dict>
				<key>2</key>
				<integer>1</integer>
				<key>3</key>
				<integer>21</integer>
				<key>4</key>
				<integer>0</integer>
				<key>5</key>
				<integer>4</integer>
				<key>6</key>
				<integer>1143238461</integer>
				<key>7</key>
				<integer>1096877233</integer>
				<key>8</key>
				<integer>-1053137444</integer>
			</dict>
			<dict>
				<key>2</key>
				<integer>1</integer>
				<key>3</key>
				<integer>22</integer>
				<key>4</key>
				<integer>0</integer>
				<key>5</key>
				<integer>4</integer>
				<key>6</key>
				<integer>1169686678</integer>
				<key>7</key>
				<integer>1094246495</integer>
				<key>8</key>
				<integer>-1076100424</integer>
			</dict>
			<dict>
				<key>2</key>
				<integer>1</integer>
				<key>3</key>
				<integer>23</integer>
				<key>4</key>
				<integer>0</integer>
				<key>5</key>
				<integer>4</integer>
				<key>6</key>
				<integer>1173076647</integer>
				<key>7</key>
				<integer>1093162751</integer>
				<key>8</key>
				<integer>-1064796942</integer>
			</dict>
			<dict>
				<key>2</key>
				<integer>1</integer>
				<key>3</key>
				<integer>24</integer>
				<key>4</key>
				<integer>0</integer>
				<key>5</key>
				<integer>4</integer>
				<key>6</key>
				<integer>1170772547</integer>
				<key>7</key>
				<integer>1083905041</integer>
				<key>8</key>
				<integer>-1065330965</integer>
			</dict>
			<dict>
				<key>2</key>
				<integer>1</integer>
				<key>3</key>
				<integer>25</integer>
				<key>4</key>
				<integer>0</integer>
				<key>5</key>
				<integer>4</integer>
				<key>6</key>
				<integer>1164342376</integer>
				<key>7</key>
				<integer>1095353992</integer>
				<key>8</key>
				<integer>-1067978828</integer>
			</dict>
			<dict>
				<key>2</key>
				<integer>1</integer>
				<key>3</key>
				<integer>26</integer>
				<key>4</key>
				<integer>0</integer>
				<key>5</key>
				<integer>4</integer>
				<key>6</key>
				<integer>1172098955</integer>
				<key>7</key>
				<integer>1091935960</integer>
				<key>8</key>
				<integer>-1070114919</integer>
			</dict>
			<dict>
				<key>2</key>
				<integer>1</integer>
				<key>3</key>
				<integer>27</integer>
				<key>4</key>
				<integer>0</integer>
				<key>5</key>
				<integer>4</integer>
				<key>6</key>
				<integer>1172137149</integer>
				<key>7</key>
				<integer>1081470387</integer>
				<key>8</key>
				<integer>-1072251010</integer>
			</dict>
			<dict>
				<key>2</key>
				<integer>1</integer>
				<key>3</key>
				<integer>28</integer>
				<key>4</key>
				<integer>0</integer>
				<key>5</key>
				<integer>4</integer>
				<key>6</key>
				<integer>1135453107</integer>
				<key>7</key>
				<integer>1093767359</integer>
				<key>8</key>
				<integer>-1070114919</integer>
			</dict>
			<dict>
				<key>2</key>
				<integer>1</integer>
				<key>3</key>
				<integer>29</integer>
				<key>4</key>
				<integer>0</integer>
				<key>5</key>
				<integer>4</integer>
				<key>6</key>
				<integer>1130619939</integer>
				<key>7</key>
				<integer>1089014565</integer>
				<key>8</key>
				<integer>-1077168470</integer>
			</dict>
			<dict>
				<key>2</key>
				<integer>1</integer>
				<key>3</key>
				<integer>30</integer>
				<key>4</key>
				<integer>0</integer>
				<key>5</key>
				<integer>4</integer>
				<key>6</key>
				<integer>1174727283</integer>
				<key>7</key>
				<integer>1085219067</integer>
				<key>8</key>
				<integer>-1065842737</integer>
			</dict>
			<dict>
				<key>2</key>
				<integer>1</integer>
				<key>3</key>
				<integer>31</integer>
				<key>4</key>
				<integer>0</integer>
				<key>5</key>
				<integer>0</integer>
				<key>6</key>
				<integer>1180105272</integer>
				<key>7</key>
				<integer>1058009874</integer>
				<key>8</key>
				<integer>-1063254812</integer>
			</dict>
		</array>
		</dict>
			<key>PatchbayInfo</key>
		<dict>
			<key>InputPort0</key>
		<dict>
			<key>PortInstance</key>
			<integer>0</integer>
			<key>PortWidth</key>
			<integer>1</integer>
			<key>SourceFuncInstance</key>
			<integer>0</integer>
			<key>SourcePortIndex</key>
			<integer>0</integer>
		</dict>
			<key>InputPort1</key>
		<dict>
			<key>PortInstance</key>
			<integer>1</integer>
			<key>PortWidth</key>
			<integer>1</integer>
			<key>SourceFuncInstance</key>
			<integer>0</integer>
			<key>SourcePortIndex</key>
			<integer>1</integer>
		</dict>
		</dict>
		</dict>
			<key>DspFunction2</key>
		<dict>
			<key>FunctionInfo</key>
		<dict>
			<key>DspFuncInstance</key>
			<integer>2</integer>
			<key>DspFuncName</key>
			<string>DspLoudness</string>
			<key>DspFuncProcessingIndex</key>
			<integer>2</integer>
		</dict>
			<key>ParameterInfo</key>
		<dict>
			<key>1</key>
			<integer>0</integer>
			<key>10</key>
			<integer>1141221218</integer>
			<key>11</key>
			<integer>1154146934</integer>
			<key>12</key>
			<integer>1053712410</integer>
			<key>13</key>
			<integer>1053764032</integer>
			<key>14</key>
			<integer>-1059223080</integer>
			<key>15</key>
			<integer>-1035418387</integer>
			<key>16</key>
			<integer>-1056548002</integer>
			<key>17</key>
			<integer>-1052407334</integer>
			<key>2</key>
			<integer>0</integer>
			<key>3</key>
			<integer>0</integer>
			<key>4</key>
			<integer>0</integer>
			<key>5</key>
			<integer>0</integer>
		</dict>
			<key>PatchbayInfo</key>
		<dict>
			<key>InputPort0</key>
		<dict>
			<key>PortInstance</key>
			<integer>0</integer>
			<key>PortWidth</key>
			<integer>1</integer>
			<key>SourceFuncInstance</key>
			<integer>1</integer>
			<key>SourcePortIndex</key>
			<integer>0</integer>
		</dict>
			<key>InputPort1</key>
		<dict>
			<key>PortInstance</key>
			<integer>1</integer>
			<key>PortWidth</key>
			<integer>1</integer>
			<key>SourceFuncInstance</key>
			<integer>1</integer>
			<key>SourcePortIndex</key>
			<integer>1</integer>
		</dict>
		</dict>
		</dict>
			<key>DspFunction3</key>
		<dict>
			<key>FunctionInfo</key>
		<dict>
			<key>DspFuncInstance</key>
			<integer>3</integer>
			<key>DspFuncName</key>
			<string>DspMultiBandCompressor</string>
			<key>DspFuncProcessingIndex</key>
			<integer>3</integer>
		</dict>
			<key>ParameterInfo</key>
		<dict>
			<key>1</key>
			<integer>0</integer>
			<key>2</key>
			<integer>0</integer>
			<key>21</key>
			<integer>0</integer>
			<key>26</key>
			<integer>1184645120</integer>
			<key>27</key>
			<integer>1184645120</integer>
			<key>28</key>
			<integer>1184645120</integer>
			<key>29</key>
			<integer>1</integer>
			<key>3</key>
			<integer>0</integer>
			<key>30</key>
			<integer>0</integer>
			<key>Compressor</key>
		<array>
			<dict>
				<key>10</key>
				<integer>1116471296</integer>
				<key>11</key>
				<integer>0</integer>
				<key>12</key>
				<integer>1065353216</integer>
				<key>13</key>
				<integer>0</integer>
				<key>14</key>
				<integer>0</integer>
				<key>15</key>
				<integer>1082130432</integer>
				<key>16</key>
				<integer>-1056964608</integer>
				<key>17</key>
				<integer>1073741824</integer>
				<key>18</key>
				<integer>1083179008</integer>
				<key>19</key>
				<integer>0</integer>
				<key>4</key>
				<integer>0</integer>
				<key>5</key>
				<integer>0</integer>
				<key>6</key>
				<integer>0</integer>
				<key>7</key>
				<integer>0</integer>
				<key>8</key>
				<integer>1</integer>
				<key>9</key>
				<integer>1090519040</integer>
			</dict>
		</array>
		</dict>
			<key>PatchbayInfo</key>
		<dict>
			<key>InputPort0</key>
		<dict>
			<key>PortInstance</key>
			<integer>0</integer>
			<key>PortWidth</key>
			<integer>1</integer>
			<key>SourceFuncInstance</key>
			<integer>2</integer>
			<key>SourcePortIndex</key>
			<integer>0</integer>
		</dict>
			<key>InputPort1</key>
		<dict>
			<key>PortInstance</key>
			<integer>1</integer>
			<key>PortWidth</key>
			<integer>1</integer>
			<key>SourceFuncInstance</key>
			<integer>2</integer>
			<key>SourcePortIndex</key>
			<integer>1</integer>
		</dict>
		</dict>
		</dict>
			<key>DspFunction4</key>
		<dict>
			<key>FunctionInfo</key>
		<dict>
			<key>DspFuncInstance</key>
			<integer>4</integer>
			<key>DspFuncName</key>
			<string>DspMultiBandCompressor</string>
			<key>DspFuncProcessingIndex</key>
			<integer>4</integer>
		</dict>
			<key>ParameterInfo</key>
		<dict>
			<key>1</key>
			<integer>0</integer>
			<key>2</key>
			<integer>0</integer>
			<key>21</key>
			<integer>0</integer>
			<key>26</key>
			<integer>1184645120</integer>
			<key>27</key>
			<integer>1184645120</integer>
			<key>28</key>
			<integer>1184645120</integer>
			<key>29</key>
			<integer>1</integer>
			<key>3</key>
			<integer>0</integer>
			<key>30</key>
			<integer>0</integer>
			<key>Compressor</key>
		<array>
			<dict>
				<key>10</key>
				<integer>1114636288</integer>
				<key>11</key>
				<integer>-1059254918</integer>
				<key>12</key>
				<integer>1076761723</integer>
				<key>13</key>
				<integer>0</integer>
				<key>14</key>
				<integer>0</integer>
				<key>15</key>
				<integer>1072979223</integer>
				<key>16</key>
				<integer>-1032847360</integer>
				<key>17</key>
				<integer>1065353216</integer>
				<key>18</key>
				<integer>0</integer>
				<key>19</key>
				<integer>0</integer>
				<key>4</key>
				<integer>0</integer>
				<key>5</key>
				<integer>0</integer>
				<key>6</key>
				<integer>0</integer>
				<key>7</key>
				<integer>0</integer>
				<key>8</key>
				<integer>1</integer>
				<key>9</key>
				<integer>1088421888</integer>
			</dict>
		</array>
		</dict>
			<key>PatchbayInfo</key>
		<dict>
			<key>InputPort0</key>
		<dict>
			<key>PortInstance</key>
			<integer>0</integer>
			<key>PortWidth</key>
			<integer>1</integer>
			<key>SourceFuncInstance</key>
			<integer>3</integer>
			<key>SourcePortIndex</key>
			<integer>0</integer>
		</dict>
			<key>InputPort1</key>
		<dict>
			<key>PortInstance</key>
			<integer>1</integer>
			<key>PortWidth</key>
			<integer>1</integer>
			<key>SourceFuncInstance</key>
			<integer>3</integer>
			<key>SourcePortIndex</key>
			<integer>1</integer>
		</dict>
		</dict>
		</dict>
			<key>DspFunction5</key>
		<dict>
			<key>FunctionInfo</key>
		<dict>
			<key>DspFuncInstance</key>
			<integer>5</integer>
			<key>DspFuncName</key>
			<string>DspGainStage</string>
			<key>DspFuncProcessingIndex</key>
			<integer>5</integer>
		</dict>
			<key>ParameterInfo</key>
		<dict>
			<key>1</key>
			<integer>0</integer>
			<key>2</key>
			<integer>1066544976</integer>
			<key>3</key>
			<integer>1066544976</integer>
		</dict>
			<key>PatchbayInfo</key>
		<dict>
			<key>InputPort0</key>
		<dict>
			<key>PortInstance</key>
			<integer>0</integer>
			<key>PortWidth</key>
			<integer>1</integer>
			<key>SourceFuncInstance</key>
			<integer>4</integer>
			<key>SourcePortIndex</key>
			<integer>0</integer>
		</dict>
			<key>InputPort1</key>
		<dict>
			<key>PortInstance</key>
			<integer>1</integer>
			<key>PortWidth</key>
			<integer>1</integer>
			<key>SourceFuncInstance</key>
			<integer>4</integer>
			<key>SourcePortIndex</key>
			<integer>1</integer>
		</dict>
		</dict>
		</dict>
			<key>DspFunction6</key>
		<dict>
			<key>FunctionInfo</key>
		<dict>
			<key>DspFuncInstance</key>
			<integer>6</integer>
			<key>DspFuncName</key>
			<string>DspSplineLimiter</string>
			<key>DspFuncProcessingIndex</key>
			<integer>6</integer>
		</dict>
			<key>ParameterInfo</key>
		<dict>
			<key>1</key>
			<integer>0</integer>
			<key>2</key>
			<integer>-1110651699</integer>
			<key>3</key>
			<integer>1017370378</integer>
			<key>4</key>
			<integer>1045220557</integer>
			<key>5</key>
			<integer>0</integer>
			<key>6</key>
			<integer>1092616192</integer>
			<key>7</key>
			<integer>953267991</integer>
		</dict>
			<key>PatchbayInfo</key>
		<dict>
			<key>InputPort0</key>
		<dict>
			<key>PortInstance</key>
			<integer>0</integer>
			<key>PortWidth</key>
			<integer>1</integer>
			<key>SourceFuncInstance</key>
			<integer>5</integer>
			<key>SourcePortIndex</key>
			<integer>0</integer>
		</dict>
			<key>InputPort1</key>
		<dict>
			<key>PortInstance</key>
			<integer>1</integer>
			<key>PortWidth</key>
			<integer>1</integer>
			<key>SourceFuncInstance</key>
			<integer>5</integer>
			<key>SourcePortIndex</key>
			<integer>1</integer>
		</dict>
		</dict>
		</dict>
		</dict>
		</dict>
		</dict>
			<key>LineIn</key>
			<dict/>
			<key>Outputs</key>
		<array>
			<string>IntSpeaker</string>
			<string>Headphone</string>
			<string>SPDIFOut</string>
		</array>
			<key>PathMapID</key>
			<integer>54</integer>
			<key>SPDIFIn</key>
			<dict/>
			<key>SPDIFOut</key>
			<dict/>
		</dict>
	</array>
</dict>
</plist>
