<?xml version="1.0" encoding="UTF-8"?>
<!DOCTYPE plist PUBLIC "-//Apple//DTD PLIST 1.0//EN" "http://www.apple.com/DTDs/PropertyList-1.0.dtd">
<plist version="1.0">
<dict>
	<key>CommonPeripheralDSP</key>
	<array>
		<dict>
			<key>DeviceID</key>
			<integer>0</integer>
			<key>DeviceType</key>
			<string>Headphone</string>
		</dict>
		<dict>
			<key>DeviceID</key>
			<integer>1</integer>
			<key>DeviceType</key>
			<string>Headphone</string>
		</dict>
		<dict>
			<key>DeviceID</key>
			<integer>2</integer>
			<key>DeviceType</key>
			<string>Headphone</string>
		</dict>
		<dict>
			<key>DeviceID</key>
			<integer>3</integer>
			<key>DeviceType</key>
			<string>Headphone</string>
			<key>SignalProcessing</key>
			<dict>
				<key>SoftwareDSP</key>
				<dict>
					<key>DspFunction0</key>
					<dict>
						<key>FunctionInfo</key>
						<dict>
							<key>DspFuncInstance</key>
							<integer>0</integer>
							<key>DspFuncName</key>
							<string>DspVirtualization</string>
							<key>DspFuncProcessingIndex</key>
							<integer>0</integer>
						</dict>
						<key>ParameterInfo</key>
						<dict>
							<key>1</key>
							<integer>0</integer>
							<key>10</key>
							<integer>0</integer>
							<key>11</key>
							<integer>1</integer>
							<key>12</key>
							<integer>-1054589891</integer>
							<key>13</key>
							<integer>-1048976926</integer>
							<key>14</key>
							<integer>16</integer>
							<key>15</key>
							<integer>159</integer>
							<key>16</key>
							<integer>-1044027031</integer>
							<key>17</key>
							<integer>5</integer>
							<key>18</key>
							<integer>219</integer>
							<key>19</key>
							<integer>405</integer>
							<key>2</key>
							<integer>0</integer>
							<key>20</key>
							<integer>-1047265280</integer>
							<key>21</key>
							<integer>3</integer>
							<key>22</key>
							<integer>1728</integer>
							<key>23</key>
							<integer>4143</integer>
							<key>24</key>
							<integer>-1046617630</integer>
							<key>25</key>
							<integer>4055</integer>
							<key>26</key>
							<integer>10238</integer>
							<key>27</key>
							<integer>70</integer>
							<key>28</key>
							<integer>1049587568</integer>
							<key>29</key>
							<integer>0</integer>
							<key>3</key>
							<integer>-1071891397</integer>
							<key>30</key>
							<integer>-1056316958</integer>
							<key>31</key>
							<integer>1000119450</integer>
							<key>32</key>
							<integer>16</integer>
							<key>33</key>
							<integer>-1051999293</integer>
							<key>34</key>
							<integer>1011271366</integer>
							<key>35</key>
							<integer>4</integer>
							<key>36</key>
							<integer>-1051999293</integer>
							<key>37</key>
							<integer>0</integer>
							<key>38</key>
							<integer>128</integer>
							<key>39</key>
							<integer>2</integer>
							<key>4</key>
							<integer>-1094466626</integer>
							<key>40</key>
							<integer>-1066710196</integer>
							<key>41</key>
							<integer>-1094466626</integer>
							<key>42</key>
							<integer>0</integer>
							<key>43</key>
							<data>
							NYuLOzzZXLz9XXs9IDym
							PLTYPz38St89+Eebvjg5
							1r0IVw4/1kS/PvXFrz3A
							9I48eQK/u4Y9Jr2puQ++
							Lli9vP7977yy9Ke9OoKx
							PGvGybr8foa8AMAVPevO
							rTyYN7I7xfsmPQ1flDzo
							VYe81L+HPHUWY7lhYRC8
							RalZPN7KRbysvJi7c8JG
							Oy7IB719UVG870SgPC3x
							c7zXL/68mRpcvAl5SLzY
							Ml+8oN83vCj8ZrpJJei7
							iG7EvC2E47slg2q6MPOO
							u45Y1ruQeM27iFo+OxIM
							Lrx3ykG77Kdru1oBELsq
							bjk8x2IjvHAKdbxMQPK6
							Xot9O42WgTqko1y8Xt1Y
							vC1dEDpvwCq6DFvzupzc
							+rlHoka7VNeFu+70Hrsb
							0rC72QopuXBfgjtqOIM7
							rH5LPFAeGjxYzyk8GdNt
							PJDWPTxK5JI8Cl4Fu6Bt
							vjmAnw09+CksPCEsRLxE
							32a8k7LSvGCeIbzqkru6
							dARLu65JWjzBIvw8ex8d
							PXLbGj18hCQ9yak5PWZ1
							XT1+BHM9QCZ1PRoQfT20
							6G09wH5jPSebWz2XE109
							6yxRPbA2HT342Qc9UVcO
							PW1iGT1kVgc9PTLQPPyG
							ujz0GWI8qG72O6uj2DuX
							AM47QSQCPKzSRDvP4ia7
							15yCu576w7vuY6u7sVYT
							u3xYZzrcM5w6K+k3uy7S
							O7u0fes8oXOUPEEmTD2J
							rwu9sAHcPTiig77tro48
							pMaOPpiyoj3DcfM9oBx/
							PcH98TyVgxI9iCpSPbV0
							b70V1+o9xRQ4PSfYFD2J
							Xaq95ZeEvddEEb07XCO9
							sxNgO6mgljqMGJk7CCeq
							vN2N3zumjwG8n+gAvc13
							NryLF+W8ZGMtvdeosLz+
							b768vRqnu3zP2LyX9w69
							WYGPvAGkHrzQH/m60g4G
							vBrE6rv9ugO8U0I9u/x+
							KbvhxFW85uM6vGMlVLwd
							jYO8gNhbvHqUmrufiJe7
							jXnvu+W737uO8B+8TULl
							u/Eymrrmdrg6kWWTuw8y
							L7t4pdG7/lMwvIa4xzoA
							AAAAeNuEO8uDqTtnnW47
							5lGqO/y5ljtCwbk7MX11
							O/MGpDt16aA7GlGcOwo7
							zztqQLo78szrO1636Dt2
							jbE77be0u8Jxi7uZQOg7
							dd68O8Bv+zvnp1881QKg
							PL5F5zx+UgE9/8+3PEkn
							fDyf5pu8VHzmu47WNj0e
							sYw86CRfPFp58jw/RCs9
							cMRdPWn7Wj3kPME8Gd4X
							vAxZ3ToiwQA77w+MuwYp
							KLy6ZC283lFRvObQprt4
							LvE7FQU4PMo+kzzSX5o8
							Exm2PGmmqTxilFM76Z6Z
							OrUAzTkzWnA5taQlOlVP
							8zra5Z07WPf1O36HKjys
							pVw8BZVOPGo9CzyBj5M7
							AAAAAAAAAAAAAAAA55Jb
							u6YSv7yHl7U86lYIveQ7
							oz3vOzU/5DujPepWCL2H
							l7U8phK/vOeSW7tY91k8
							LQsCO2YQYzyPzRC8jpl0
							vMwPhbwszo68lZqZu6Td
							ErvCyJM6IdKjOqqn4Lrk
							6Bs4EXZzOshgYzsk28Q7
							LYm/O+GKtTs4aGU7bB2a
							Om1rhjmvwyW6soQ0uQgM
							XTjFF0K6xpLEuiurOLsA
							AAAAAAAAAAAAAAAAAAAA
							AAAAAAAAAAAAAAAAAAAA
							AAAAAAAAAAAAAAAAAAAA
							AAAAAAAAAAAAAAAAAAAA
							AAAAAAAAAAAAAAAAAAAA
							AAAAAAAAAAAAAAAAAAAA
							AAAAAAA=
							</data>
							<key>5</key>
							<integer>-1054158126</integer>
							<key>6</key>
							<integer>-1062577574</integer>
							<key>7</key>
							<integer>0</integer>
							<key>8</key>
							<integer>0</integer>
							<key>9</key>
							<integer>1</integer>
						</dict>
						<key>PatchbayInfo</key>
						<dict/>
					</dict>
					<key>DspFunction1</key>
					<dict>
						<key>FunctionInfo</key>
						<dict>
							<key>DspFuncInstance</key>
							<integer>1</integer>
							<key>DspFuncName</key>
							<string>DspEqualization32</string>
							<key>DspFuncProcessingIndex</key>
							<integer>1</integer>
						</dict>
						<key>ParameterInfo</key>
						<dict>
							<key>1</key>
							<integer>0</integer>
							<key>9</key>
							<integer>0</integer>
							<key>Filter</key>
							<array>
								<dict>
									<key>2</key>
									<integer>0</integer>
									<key>3</key>
									<integer>5</integer>
									<key>4</key>
									<integer>0</integer>
									<key>5</key>
									<integer>4</integer>
									<key>6</key>
									<integer>1135599904</integer>
									<key>7</key>
									<integer>1092049398</integer>
									<key>8</key>
									<integer>-1071583482</integer>
								</dict>
								<dict>
									<key>2</key>
									<integer>0</integer>
									<key>3</key>
									<integer>6</integer>
									<key>4</key>
									<integer>0</integer>
									<key>5</key>
									<integer>4</integer>
									<key>6</key>
									<integer>1137098340</integer>
									<key>7</key>
									<integer>1094327844</integer>
									<key>8</key>
									<integer>-1071316470</integer>
								</dict>
								<dict>
									<key>2</key>
									<integer>0</integer>
									<key>3</key>
									<integer>15</integer>
									<key>4</key>
									<integer>0</integer>
									<key>5</key>
									<integer>4</integer>
									<key>6</key>
									<integer>1156483412</integer>
									<key>7</key>
									<integer>1064535200</integer>
									<key>8</key>
									<integer>1072718281</integer>
								</dict>
								<dict>
									<key>2</key>
									<integer>1</integer>
									<key>3</key>
									<integer>5</integer>
									<key>4</key>
									<integer>0</integer>
									<key>5</key>
									<integer>4</integer>
									<key>6</key>
									<integer>1135599904</integer>
									<key>7</key>
									<integer>1092049398</integer>
									<key>8</key>
									<integer>-1071583482</integer>
								</dict>
								<dict>
									<key>2</key>
									<integer>1</integer>
									<key>3</key>
									<integer>6</integer>
									<key>4</key>
									<integer>0</integer>
									<key>5</key>
									<integer>4</integer>
									<key>6</key>
									<integer>1137098340</integer>
									<key>7</key>
									<integer>1094327844</integer>
									<key>8</key>
									<integer>-1071316470</integer>
								</dict>
								<dict>
									<key>2</key>
									<integer>1</integer>
									<key>3</key>
									<integer>15</integer>
									<key>4</key>
									<integer>0</integer>
									<key>5</key>
									<integer>4</integer>
									<key>6</key>
									<integer>1156483412</integer>
									<key>7</key>
									<integer>1064535200</integer>
									<key>8</key>
									<integer>1072718281</integer>
								</dict>
							</array>
						</dict>
						<key>PatchbayInfo</key>
						<dict>
							<key>InputPort0</key>
							<dict>
								<key>PortInstance</key>
								<integer>0</integer>
								<key>PortWidth</key>
								<integer>1</integer>
								<key>SourceFuncInstance</key>
								<integer>0</integer>
								<key>SourcePortIndex</key>
								<integer>0</integer>
							</dict>
							<key>InputPort1</key>
							<dict>
								<key>PortInstance</key>
								<integer>1</integer>
								<key>PortWidth</key>
								<integer>1</integer>
								<key>SourceFuncInstance</key>
								<integer>0</integer>
								<key>SourcePortIndex</key>
								<integer>1</integer>
							</dict>
						</dict>
					</dict>
					<key>DspFunction2</key>
					<dict>
						<key>FunctionInfo</key>
						<dict>
							<key>DspFuncInstance</key>
							<integer>2</integer>
							<key>DspFuncName</key>
							<string>DspVolume</string>
							<key>DspFuncProcessingIndex</key>
							<integer>2</integer>
						</dict>
						<key>ParameterInfo</key>
						<dict>
							<key>1</key>
							<integer>0</integer>
							<key>2</key>
							<integer>0</integer>
							<key>3</key>
							<integer>0</integer>
							<key>4</key>
							<integer>0</integer>
							<key>5</key>
							<integer>0</integer>
						</dict>
						<key>PatchbayInfo</key>
						<dict>
							<key>InputPort0</key>
							<dict>
								<key>PortInstance</key>
								<integer>0</integer>
								<key>PortWidth</key>
								<integer>1</integer>
								<key>SourceFuncInstance</key>
								<integer>1</integer>
								<key>SourcePortIndex</key>
								<integer>0</integer>
							</dict>
							<key>InputPort1</key>
							<dict>
								<key>PortInstance</key>
								<integer>1</integer>
								<key>PortWidth</key>
								<integer>1</integer>
								<key>SourceFuncInstance</key>
								<integer>1</integer>
								<key>SourcePortIndex</key>
								<integer>1</integer>
							</dict>
						</dict>
					</dict>
				</dict>
			</dict>
		</dict>
		<dict>
			<key>DeviceID</key>
			<integer>4</integer>
			<key>DeviceType</key>
			<string>Headphone</string>
			<key>SignalProcessing</key>
			<dict>
				<key>SoftwareDSP</key>
				<dict>
					<key>DspFunction0</key>
					<dict>
						<key>FunctionInfo</key>
						<dict>
							<key>DspFuncInstance</key>
							<integer>0</integer>
							<key>DspFuncName</key>
							<string>DspGainStage</string>
							<key>DspFuncProcessingIndex</key>
							<integer>0</integer>
						</dict>
						<key>ParameterInfo</key>
						<dict>
							<key>1</key>
							<integer>0</integer>
							<key>2</key>
							<integer>1050798235</integer>
							<key>3</key>
							<integer>1050798235</integer>
						</dict>
						<key>PatchbayInfo</key>
						<dict/>
					</dict>
					<key>DspFunction1</key>
					<dict>
						<key>FunctionInfo</key>
						<dict>
							<key>DspFuncInstance</key>
							<integer>1</integer>
							<key>DspFuncName</key>
							<string>DspEqualization32</string>
							<key>DspFuncProcessingIndex</key>
							<integer>1</integer>
						</dict>
						<key>ParameterInfo</key>
						<dict>
							<key>1</key>
							<integer>0</integer>
							<key>9</key>
							<integer>0</integer>
							<key>Filter</key>
							<array>
								<dict>
									<key>2</key>
									<integer>0</integer>
									<key>3</key>
									<integer>0</integer>
									<key>4</key>
									<integer>0</integer>
									<key>5</key>
									<integer>4</integer>
									<key>6</key>
									<integer>1117303413</integer>
									<key>7</key>
									<integer>1056964608</integer>
									<key>8</key>
									<integer>1081640911</integer>
								</dict>
								<dict>
									<key>2</key>
									<integer>0</integer>
									<key>3</key>
									<integer>14</integer>
									<key>4</key>
									<integer>0</integer>
									<key>5</key>
									<integer>4</integer>
									<key>6</key>
									<integer>1161086411</integer>
									<key>7</key>
									<integer>1079184896</integer>
									<key>8</key>
									<integer>-1049132273</integer>
								</dict>
								<dict>
									<key>2</key>
									<integer>0</integer>
									<key>3</key>
									<integer>17</integer>
									<key>4</key>
									<integer>0</integer>
									<key>5</key>
									<integer>4</integer>
									<key>6</key>
									<integer>1170946752</integer>
									<key>7</key>
									<integer>1079355022</integer>
									<key>8</key>
									<integer>-1056742098</integer>
								</dict>
								<dict>
									<key>2</key>
									<integer>1</integer>
									<key>3</key>
									<integer>0</integer>
									<key>4</key>
									<integer>0</integer>
									<key>5</key>
									<integer>4</integer>
									<key>6</key>
									<integer>1117303413</integer>
									<key>7</key>
									<integer>1056964608</integer>
									<key>8</key>
									<integer>1081640911</integer>
								</dict>
								<dict>
									<key>2</key>
									<integer>1</integer>
									<key>3</key>
									<integer>14</integer>
									<key>4</key>
									<integer>0</integer>
									<key>5</key>
									<integer>4</integer>
									<key>6</key>
									<integer>1161086411</integer>
									<key>7</key>
									<integer>1079184896</integer>
									<key>8</key>
									<integer>-1049132273</integer>
								</dict>
								<dict>
									<key>2</key>
									<integer>1</integer>
									<key>3</key>
									<integer>17</integer>
									<key>4</key>
									<integer>0</integer>
									<key>5</key>
									<integer>4</integer>
									<key>6</key>
									<integer>1170946752</integer>
									<key>7</key>
									<integer>1079355022</integer>
									<key>8</key>
									<integer>-1056742098</integer>
								</dict>
							</array>
						</dict>
						<key>PatchbayInfo</key>
						<dict>
							<key>InputPort0</key>
							<dict>
								<key>PortInstance</key>
								<integer>0</integer>
								<key>PortWidth</key>
								<integer>1</integer>
								<key>SourceFuncInstance</key>
								<integer>0</integer>
								<key>SourcePortIndex</key>
								<integer>0</integer>
							</dict>
							<key>InputPort1</key>
							<dict>
								<key>PortInstance</key>
								<integer>1</integer>
								<key>PortWidth</key>
								<integer>1</integer>
								<key>SourceFuncInstance</key>
								<integer>0</integer>
								<key>SourcePortIndex</key>
								<integer>1</integer>
							</dict>
						</dict>
					</dict>
					<key>DspFunction2</key>
					<dict>
						<key>FunctionInfo</key>
						<dict>
							<key>DspFuncInstance</key>
							<integer>2</integer>
							<key>DspFuncName</key>
							<string>DspVolume</string>
							<key>DspFuncProcessingIndex</key>
							<integer>2</integer>
						</dict>
						<key>ParameterInfo</key>
						<dict>
							<key>1</key>
							<integer>0</integer>
							<key>2</key>
							<integer>1092616192</integer>
							<key>3</key>
							<integer>0</integer>
							<key>4</key>
							<integer>1092616192</integer>
							<key>5</key>
							<integer>0</integer>
						</dict>
						<key>PatchbayInfo</key>
						<dict>
							<key>InputPort0</key>
							<dict>
								<key>PortInstance</key>
								<integer>0</integer>
								<key>PortWidth</key>
								<integer>1</integer>
								<key>SourceFuncInstance</key>
								<integer>1</integer>
								<key>SourcePortIndex</key>
								<integer>0</integer>
							</dict>
							<key>InputPort1</key>
							<dict>
								<key>PortInstance</key>
								<integer>1</integer>
								<key>PortWidth</key>
								<integer>1</integer>
								<key>SourceFuncInstance</key>
								<integer>1</integer>
								<key>SourcePortIndex</key>
								<integer>1</integer>
							</dict>
						</dict>
					</dict>
				</dict>
			</dict>
		</dict>
		<dict>
			<key>DeviceID</key>
			<integer>5</integer>
			<key>DeviceType</key>
			<string>Headphone</string>
		</dict>
		<dict>
			<key>DeviceID</key>
			<integer>6</integer>
			<key>DeviceType</key>
			<string>Headphone</string>
		</dict>
		<dict>
			<key>DeviceID</key>
			<integer>7</integer>
			<key>DeviceType</key>
			<string>Headphone</string>
		</dict>
		<dict>
			<key>DeviceID</key>
			<integer>0</integer>
			<key>DeviceType</key>
			<string>Microphone</string>
			<key>SignalProcessing</key>
			<dict>
				<key>SoftwareDSP</key>
				<dict>
					<key>DspFunction0</key>
					<dict>
						<key>FunctionInfo</key>
						<dict>
							<key>DspFuncInstance</key>
							<integer>0</integer>
							<key>DspFuncName</key>
							<string>DspPreGainStage</string>
							<key>DspFuncProcessingIndex</key>
							<integer>0</integer>
						</dict>
						<key>ParameterInfo</key>
						<dict>
							<key>1</key>
							<integer>0</integer>
							<key>2</key>
							<integer>1065353216</integer>
							<key>3</key>
							<integer>1065353216</integer>
						</dict>
						<key>PatchbayInfo</key>
						<dict/>
					</dict>
					<key>DspFunction1</key>
					<dict>
						<key>FunctionInfo</key>
						<dict>
							<key>DspFuncInstance</key>
							<integer>1</integer>
							<key>DspFuncName</key>
							<string>DspNoiseReduction</string>
							<key>DspFuncProcessingIndex</key>
							<integer>1</integer>
						</dict>
						<key>ParameterInfo</key>
						<dict>
							<key>1</key>
							<integer>0</integer>
							<key>2</key>
							<integer>1</integer>
							<key>3</key>
							<integer>0</integer>
							<key>4</key>
							<integer>-1073900105</integer>
							<key>5</key>
							<data>
							BK9/wipbZMKih27CXHt7
							wkZLgsIgtIXCqhGJwjXJ
							i8JzGI7CYeiPwr6jkcIA
							NpPCjKKUwpCGlMIcWZbC
							/P2WwtRjmMIK5JnCO52a
							wiB5msITyJrCo7Gbwu3F
							m8IZjZ7CQ3+dwmg1n8Id
							eaHCIlijwvguo8KwU6PC
							WASgwmt+oMLibqPC21yj
							whjOpsLhQqfCEH+nwojD
							psLqEabCkoihwrZko8KY
							FqTCnWWmwhj/qcLplqrC
							AhyrwvEgq8JwjKjCurCk
							ws+Kp8IKTqXCl7GowrAV
							q8JmKazCPrGrwiDzqsLZ
							5KfCCqanwvLDqcKKwqfC
							qqOqwoKnqsIPAa7CgWGv
							wlT3rsKl5anCU3yrwpV0
							qsLimKrCzBGuwm3zrcJG
							RbDCR5KwwvSxrsKpr6rC
							2xetwniVqsJNUK3C3lqu
							wtH0rcJ6mazC6zOtwowY
							rsJUNa3CXBKvwkl9rML3
							/K/CanKvwuoKssIX37PC
							wXWzwm3Dr8KxErDC5Xuv
							wqnfrsLBy7HCXnKwwjTm
							s8LUT7XCkrmzwmBWsMIQ
							qrHC1kmwwloussKnybLC
							+kWywsxLtcIY27fCO3u4
							wuPgt8I7JbrCClK4wmkw
							vMJ3vbzCQVHAwjSfxcJ4
							18fCCZ7JwixDzMJm5c/C
							1FrRwgVZ2MIqAN3CI4rl
							wpaa78KO4vfCiywAw3HF
							A8OL1wvD
							</data>
						</dict>
						<key>PatchbayInfo</key>
						<dict>
							<key>InputPort0</key>
							<dict>
								<key>PortInstance</key>
								<integer>0</integer>
								<key>PortWidth</key>
								<integer>1</integer>
								<key>SourceFuncInstance</key>
								<integer>0</integer>
								<key>SourcePortIndex</key>
								<integer>0</integer>
							</dict>
							<key>InputPort1</key>
							<dict>
								<key>PortInstance</key>
								<integer>1</integer>
								<key>PortWidth</key>
								<integer>1</integer>
								<key>SourceFuncInstance</key>
								<integer>0</integer>
								<key>SourcePortIndex</key>
								<integer>1</integer>
							</dict>
						</dict>
					</dict>
					<key>DspFunction2</key>
					<dict>
						<key>FunctionInfo</key>
						<dict>
							<key>DspFuncInstance</key>
							<integer>2</integer>
							<key>DspFuncName</key>
							<string>DspEqualization32</string>
							<key>DspFuncProcessingIndex</key>
							<integer>2</integer>
						</dict>
						<key>ParameterInfo</key>
						<dict>
							<key>1</key>
							<integer>0</integer>
							<key>9</key>
							<integer>0</integer>
							<key>Filter</key>
							<array>
								<dict>
									<key>2</key>
									<integer>0</integer>
									<key>3</key>
									<integer>0</integer>
									<key>4</key>
									<integer>0</integer>
									<key>5</key>
									<integer>1</integer>
									<key>6</key>
									<integer>1117798621</integer>
									<key>7</key>
									<integer>1060439283</integer>
									<key>8</key>
									<integer>1099519471</integer>
								</dict>
								<dict>
									<key>2</key>
									<integer>0</integer>
									<key>3</key>
									<integer>31</integer>
									<key>4</key>
									<integer>0</integer>
									<key>5</key>
									<integer>0</integer>
									<key>6</key>
									<integer>1184151638</integer>
									<key>7</key>
									<integer>1060439283</integer>
									<key>8</key>
									<integer>0</integer>
								</dict>
								<dict>
									<key>2</key>
									<integer>1</integer>
									<key>3</key>
									<integer>0</integer>
									<key>4</key>
									<integer>0</integer>
									<key>5</key>
									<integer>1</integer>
									<key>6</key>
									<integer>1117798621</integer>
									<key>7</key>
									<integer>1060439283</integer>
									<key>8</key>
									<integer>1099519471</integer>
								</dict>
								<dict>
									<key>2</key>
									<integer>1</integer>
									<key>3</key>
									<integer>31</integer>
									<key>4</key>
									<integer>0</integer>
									<key>5</key>
									<integer>0</integer>
									<key>6</key>
									<integer>1184151638</integer>
									<key>7</key>
									<integer>1060439283</integer>
									<key>8</key>
									<integer>0</integer>
								</dict>
							</array>
						</dict>
						<key>PatchbayInfo</key>
						<dict>
							<key>InputPort0</key>
							<dict>
								<key>PortInstance</key>
								<integer>0</integer>
								<key>PortWidth</key>
								<integer>1</integer>
								<key>SourceFuncInstance</key>
								<integer>1</integer>
								<key>SourcePortIndex</key>
								<integer>0</integer>
							</dict>
							<key>InputPort1</key>
							<dict>
								<key>PortInstance</key>
								<integer>1</integer>
								<key>PortWidth</key>
								<integer>1</integer>
								<key>SourceFuncInstance</key>
								<integer>1</integer>
								<key>SourcePortIndex</key>
								<integer>1</integer>
							</dict>
						</dict>
					</dict>
				</dict>
			</dict>
		</dict>
		<dict>
			<key>DeviceID</key>
			<integer>1</integer>
			<key>DeviceType</key>
			<string>Microphone</string>
			<key>SignalProcessing</key>
			<dict>
				<key>SoftwareDSP</key>
				<dict>
					<key>DspFunction0</key>
					<dict>
						<key>FunctionInfo</key>
						<dict>
							<key>DspFuncInstance</key>
							<integer>0</integer>
							<key>DspFuncName</key>
							<string>DspPreGainStage</string>
							<key>DspFuncProcessingIndex</key>
							<integer>0</integer>
						</dict>
						<key>ParameterInfo</key>
						<dict>
							<key>1</key>
							<integer>0</integer>
							<key>2</key>
							<integer>1065353216</integer>
							<key>3</key>
							<integer>1065353216</integer>
						</dict>
						<key>PatchbayInfo</key>
						<dict/>
					</dict>
				</dict>
			</dict>
		</dict>
		<dict>
			<key>DeviceID</key>
			<integer>2</integer>
			<key>DeviceType</key>
			<string>Microphone</string>
			<key>SignalProcessing</key>
			<dict>
				<key>SoftwareDSP</key>
				<dict>
					<key>DspFunction0</key>
					<dict>
						<key>FunctionInfo</key>
						<dict>
							<key>DspFuncInstance</key>
							<integer>0</integer>
							<key>DspFuncName</key>
							<string>DspPreGainStage</string>
							<key>DspFuncProcessingIndex</key>
							<integer>0</integer>
						</dict>
						<key>ParameterInfo</key>
						<dict>
							<key>1</key>
							<integer>0</integer>
							<key>2</key>
							<integer>1065353216</integer>
							<key>3</key>
							<integer>1065353216</integer>
						</dict>
						<key>PatchbayInfo</key>
						<dict/>
					</dict>
				</dict>
			</dict>
		</dict>
		<dict>
			<key>DeviceID</key>
			<integer>3</integer>
			<key>DeviceType</key>
			<string>Microphone</string>
			<key>SignalProcessing</key>
			<dict>
				<key>SoftwareDSP</key>
				<dict>
					<key>DspFunction0</key>
					<dict>
						<key>FunctionInfo</key>
						<dict>
							<key>DspFuncInstance</key>
							<integer>0</integer>
							<key>DspFuncName</key>
							<string>DspPreGainStage</string>
							<key>DspFuncProcessingIndex</key>
							<integer>0</integer>
						</dict>
						<key>ParameterInfo</key>
						<dict>
							<key>1</key>
							<integer>0</integer>
							<key>2</key>
							<integer>1065353216</integer>
							<key>3</key>
							<integer>1065353216</integer>
						</dict>
						<key>PatchbayInfo</key>
						<dict/>
					</dict>
					<key>DspFunction1</key>
					<dict>
						<key>FunctionInfo</key>
						<dict>
							<key>DspFuncInstance</key>
							<integer>1</integer>
							<key>DspFuncName</key>
							<string>DspNoiseReduction</string>
							<key>DspFuncProcessingIndex</key>
							<integer>1</integer>
						</dict>
						<key>ParameterInfo</key>
						<dict>
							<key>1</key>
							<integer>0</integer>
							<key>2</key>
							<integer>1</integer>
							<key>3</key>
							<integer>0</integer>
							<key>4</key>
							<integer>-1073900105</integer>
							<key>5</key>
							<data>
							aouLwiBHdMIsbXTClNV6
							wpl0gMLLGoPCsqCFwk+S
							h8KXQYnCNLGKwpoejMIu
							CY3C1uyNwvU6jcJ6No/C
							s5GPwiu4kMJ8cpLCBiCT
							wlZdk8JhopPC/SKTwgBA
							ksK6fJTCD++Twge/lcLr
							+JbCHo2XwkInl8IALJfC
							qjmVwqfDlcIeSpfCxgyX
							wgqNmcJ0SJrCs3Cawt0I
							msI6AprCfUeXwr4wmcJo
							WpnCiCGawtXzm8JHcZzC
							Gs6cws2TnMKUeJvCgWaZ
							wrB2m8Ib+pnC2iKcwmde
							ncL0y53CZCSewqEjnsIG
							8ZvC7WebwgTGnMID3JvC
							aTmewppcnsL8r5/CaCqg
							wnjtn8Ina53C9hmewuKu
							ncJgS57CYg+gwp7nn8Ji
							C6HCJhKhwr4eoMK3FJ7C
							wNyfwqCwnsL0JKDCMb+g
							wrpUocL1WqLCTomiwvc6
							ocIifaDC/iOhwsmon8Kl
							w6HC2k2hwiEKo8Ju4KPC
							vbGjwr45osJuoaLCUwqi
							wlGLocJ2+6LC3pWiwpqe
							pMLkvKXCfDalwidzo8LG
							WaTC5u2jwpxIpcLNJabC
							OFOmwo6OqMLD7qnCqkGq
							wihiqsI+UazCPeerwsda
							r8K2nLDCi3qzwkoht8Ka
							hLnC/PO7whIgv8Ky6sLC
							6unFwtOazMJnjtHCq2nZ
							wrI94sKiEuvCohP1wtjb
							/cJ5LwfD
							</data>
						</dict>
						<key>PatchbayInfo</key>
						<dict>
							<key>InputPort0</key>
							<dict>
								<key>PortInstance</key>
								<integer>0</integer>
								<key>PortWidth</key>
								<integer>1</integer>
								<key>SourceFuncInstance</key>
								<integer>0</integer>
								<key>SourcePortIndex</key>
								<integer>0</integer>
							</dict>
							<key>InputPort1</key>
							<dict>
								<key>PortInstance</key>
								<integer>1</integer>
								<key>PortWidth</key>
								<integer>1</integer>
								<key>SourceFuncInstance</key>
								<integer>0</integer>
								<key>SourcePortIndex</key>
								<integer>1</integer>
							</dict>
						</dict>
					</dict>
					<key>DspFunction2</key>
					<dict>
						<key>FunctionInfo</key>
						<dict>
							<key>DspFuncInstance</key>
							<integer>2</integer>
							<key>DspFuncName</key>
							<string>DspEqualization32</string>
							<key>DspFuncProcessingIndex</key>
							<integer>2</integer>
						</dict>
						<key>ParameterInfo</key>
						<dict>
							<key>1</key>
							<integer>0</integer>
							<key>9</key>
							<integer>0</integer>
							<key>Filter</key>
							<array>
								<dict>
									<key>2</key>
									<integer>0</integer>
									<key>3</key>
									<integer>0</integer>
									<key>4</key>
									<integer>0</integer>
									<key>5</key>
									<integer>1</integer>
									<key>6</key>
									<integer>1117798621</integer>
									<key>7</key>
									<integer>1060439283</integer>
									<key>8</key>
									<integer>1099519471</integer>
								</dict>
								<dict>
									<key>2</key>
									<integer>0</integer>
									<key>3</key>
									<integer>31</integer>
									<key>4</key>
									<integer>0</integer>
									<key>5</key>
									<integer>0</integer>
									<key>6</key>
									<integer>1184151638</integer>
									<key>7</key>
									<integer>1060439283</integer>
									<key>8</key>
									<integer>0</integer>
								</dict>
								<dict>
									<key>2</key>
									<integer>1</integer>
									<key>3</key>
									<integer>0</integer>
									<key>4</key>
									<integer>0</integer>
									<key>5</key>
									<integer>1</integer>
									<key>6</key>
									<integer>1117798621</integer>
									<key>7</key>
									<integer>1060439283</integer>
									<key>8</key>
									<integer>1099519471</integer>
								</dict>
								<dict>
									<key>2</key>
									<integer>1</integer>
									<key>3</key>
									<integer>31</integer>
									<key>4</key>
									<integer>0</integer>
									<key>5</key>
									<integer>0</integer>
									<key>6</key>
									<integer>1184151638</integer>
									<key>7</key>
									<integer>1060439283</integer>
									<key>8</key>
									<integer>0</integer>
								</dict>
							</array>
						</dict>
						<key>PatchbayInfo</key>
						<dict>
							<key>InputPort0</key>
							<dict>
								<key>PortInstance</key>
								<integer>0</integer>
								<key>PortWidth</key>
								<integer>1</integer>
								<key>SourceFuncInstance</key>
								<integer>1</integer>
								<key>SourcePortIndex</key>
								<integer>0</integer>
							</dict>
							<key>InputPort1</key>
							<dict>
								<key>PortInstance</key>
								<integer>1</integer>
								<key>PortWidth</key>
								<integer>1</integer>
								<key>SourceFuncInstance</key>
								<integer>1</integer>
								<key>SourcePortIndex</key>
								<integer>1</integer>
							</dict>
						</dict>
					</dict>
				</dict>
			</dict>
		</dict>
		<dict>
			<key>DeviceID</key>
			<integer>4</integer>
			<key>DeviceType</key>
			<string>Microphone</string>
			<key>SignalProcessing</key>
			<dict>
				<key>SoftwareDSP</key>
				<dict>
					<key>DspFunction0</key>
					<dict>
						<key>FunctionInfo</key>
						<dict>
							<key>DspFuncInstance</key>
							<integer>0</integer>
							<key>DspFuncName</key>
							<string>DspPreGainStage</string>
							<key>DspFuncProcessingIndex</key>
							<integer>0</integer>
						</dict>
						<key>ParameterInfo</key>
						<dict>
							<key>1</key>
							<integer>0</integer>
							<key>2</key>
							<integer>1065353216</integer>
							<key>3</key>
							<integer>1065353216</integer>
						</dict>
						<key>PatchbayInfo</key>
						<dict/>
					</dict>
					<key>DspFunction1</key>
					<dict>
						<key>FunctionInfo</key>
						<dict>
							<key>DspFuncInstance</key>
							<integer>1</integer>
							<key>DspFuncName</key>
							<string>DspNoiseReduction</string>
							<key>DspFuncProcessingIndex</key>
							<integer>1</integer>
						</dict>
						<key>ParameterInfo</key>
						<dict>
							<key>1</key>
							<integer>0</integer>
							<key>2</key>
							<integer>1</integer>
							<key>3</key>
							<integer>0</integer>
							<key>4</key>
							<integer>-1073900105</integer>
							<key>5</key>
							<data>
							aouLwiBHdMIsbXTClNV6
							wpl0gMLLGoPCsqCFwk+S
							h8KXQYnCNLGKwpoejMIu
							CY3C1uyNwvU6jcJ6No/C
							s5GPwiu4kMJ8cpLCBiCT
							wlZdk8JhopPC/SKTwgBA
							ksK6fJTCD++Twge/lcLr
							+JbCHo2XwkInl8IALJfC
							qjmVwqfDlcIeSpfCxgyX
							wgqNmcJ0SJrCs3Cawt0I
							msI6AprCfUeXwr4wmcJo
							WpnCiCGawtXzm8JHcZzC
							Gs6cws2TnMKUeJvCgWaZ
							wrB2m8Ib+pnC2iKcwmde
							ncL0y53CZCSewqEjnsIG
							8ZvC7WebwgTGnMID3JvC
							aTmewppcnsL8r5/CaCqg
							wnjtn8Ina53C9hmewuKu
							ncJgS57CYg+gwp7nn8Ji
							C6HCJhKhwr4eoMK3FJ7C
							wNyfwqCwnsL0JKDCMb+g
							wrpUocL1WqLCTomiwvc6
							ocIifaDC/iOhwsmon8Kl
							w6HC2k2hwiEKo8Ju4KPC
							vbGjwr45osJuoaLCUwqi
							wlGLocJ2+6LC3pWiwpqe
							pMLkvKXCfDalwidzo8LG
							WaTC5u2jwpxIpcLNJabC
							OFOmwo6OqMLD7qnCqkGq
							wihiqsI+UazCPeerwsda
							r8K2nLDCi3qzwkoht8Ka
							hLnC/PO7whIgv8Ky6sLC
							6unFwtOazMJnjtHCq2nZ
							wrI94sKiEuvCohP1wtjb
							/cJ5LwfD
							</data>
						</dict>
						<key>PatchbayInfo</key>
						<dict>
							<key>InputPort0</key>
							<dict>
								<key>PortInstance</key>
								<integer>0</integer>
								<key>PortWidth</key>
								<integer>1</integer>
								<key>SourceFuncInstance</key>
								<integer>0</integer>
								<key>SourcePortIndex</key>
								<integer>0</integer>
							</dict>
							<key>InputPort1</key>
							<dict>
								<key>PortInstance</key>
								<integer>1</integer>
								<key>PortWidth</key>
								<integer>1</integer>
								<key>SourceFuncInstance</key>
								<integer>0</integer>
								<key>SourcePortIndex</key>
								<integer>1</integer>
							</dict>
						</dict>
					</dict>
					<key>DspFunction2</key>
					<dict>
						<key>FunctionInfo</key>
						<dict>
							<key>DspFuncInstance</key>
							<integer>2</integer>
							<key>DspFuncName</key>
							<string>DspEqualization32</string>
							<key>DspFuncProcessingIndex</key>
							<integer>2</integer>
						</dict>
						<key>ParameterInfo</key>
						<dict>
							<key>1</key>
							<integer>0</integer>
							<key>9</key>
							<integer>0</integer>
							<key>Filter</key>
							<array>
								<dict>
									<key>2</key>
									<integer>0</integer>
									<key>3</key>
									<integer>0</integer>
									<key>4</key>
									<integer>0</integer>
									<key>5</key>
									<integer>1</integer>
									<key>6</key>
									<integer>1117798621</integer>
									<key>7</key>
									<integer>1060439283</integer>
									<key>8</key>
									<integer>1099519471</integer>
								</dict>
								<dict>
									<key>2</key>
									<integer>0</integer>
									<key>3</key>
									<integer>31</integer>
									<key>4</key>
									<integer>0</integer>
									<key>5</key>
									<integer>0</integer>
									<key>6</key>
									<integer>1184151638</integer>
									<key>7</key>
									<integer>1060439283</integer>
									<key>8</key>
									<integer>0</integer>
								</dict>
								<dict>
									<key>2</key>
									<integer>1</integer>
									<key>3</key>
									<integer>0</integer>
									<key>4</key>
									<integer>0</integer>
									<key>5</key>
									<integer>1</integer>
									<key>6</key>
									<integer>1117798621</integer>
									<key>7</key>
									<integer>1060439283</integer>
									<key>8</key>
									<integer>1099519471</integer>
								</dict>
								<dict>
									<key>2</key>
									<integer>1</integer>
									<key>3</key>
									<integer>31</integer>
									<key>4</key>
									<integer>0</integer>
									<key>5</key>
									<integer>0</integer>
									<key>6</key>
									<integer>1184151638</integer>
									<key>7</key>
									<integer>1060439283</integer>
									<key>8</key>
									<integer>0</integer>
								</dict>
							</array>
						</dict>
						<key>PatchbayInfo</key>
						<dict>
							<key>InputPort0</key>
							<dict>
								<key>PortInstance</key>
								<integer>0</integer>
								<key>PortWidth</key>
								<integer>1</integer>
								<key>SourceFuncInstance</key>
								<integer>1</integer>
								<key>SourcePortIndex</key>
								<integer>0</integer>
							</dict>
							<key>InputPort1</key>
							<dict>
								<key>PortInstance</key>
								<integer>1</integer>
								<key>PortWidth</key>
								<integer>1</integer>
								<key>SourceFuncInstance</key>
								<integer>1</integer>
								<key>SourcePortIndex</key>
								<integer>1</integer>
							</dict>
						</dict>
					</dict>
				</dict>
			</dict>
		</dict>
		<dict>
			<key>DeviceID</key>
			<integer>5</integer>
			<key>DeviceType</key>
			<string>Microphone</string>
			<key>SignalProcessing</key>
			<dict>
				<key>SoftwareDSP</key>
				<dict>
					<key>DspFunction0</key>
					<dict>
						<key>FunctionInfo</key>
						<dict>
							<key>DspFuncInstance</key>
							<integer>0</integer>
							<key>DspFuncName</key>
							<string>DspPreGainStage</string>
							<key>DspFuncProcessingIndex</key>
							<integer>0</integer>
						</dict>
						<key>ParameterInfo</key>
						<dict>
							<key>1</key>
							<integer>0</integer>
							<key>2</key>
							<integer>1065353216</integer>
							<key>3</key>
							<integer>1065353216</integer>
						</dict>
						<key>PatchbayInfo</key>
						<dict/>
					</dict>
				</dict>
			</dict>
		</dict>
		<dict>
			<key>DeviceID</key>
			<integer>6</integer>
			<key>DeviceType</key>
			<string>Microphone</string>
			<key>SignalProcessing</key>
			<dict>
				<key>SoftwareDSP</key>
				<dict>
					<key>DspFunction0</key>
					<dict>
						<key>FunctionInfo</key>
						<dict>
							<key>DspFuncInstance</key>
							<integer>0</integer>
							<key>DspFuncName</key>
							<string>DspPreGainStage</string>
							<key>DspFuncProcessingIndex</key>
							<integer>0</integer>
						</dict>
						<key>ParameterInfo</key>
						<dict>
							<key>1</key>
							<integer>0</integer>
							<key>2</key>
							<integer>1065353216</integer>
							<key>3</key>
							<integer>1065353216</integer>
						</dict>
						<key>PatchbayInfo</key>
						<dict/>
					</dict>
				</dict>
			</dict>
		</dict>
		<dict>
			<key>DeviceID</key>
			<integer>7</integer>
			<key>DeviceType</key>
			<string>Microphone</string>
			<key>SignalProcessing</key>
			<dict>
				<key>SoftwareDSP</key>
				<dict>
					<key>DspFunction0</key>
					<dict>
						<key>FunctionInfo</key>
						<dict>
							<key>DspFuncInstance</key>
							<integer>0</integer>
							<key>DspFuncName</key>
							<string>DspPreGainStage</string>
							<key>DspFuncProcessingIndex</key>
							<integer>0</integer>
						</dict>
						<key>ParameterInfo</key>
						<dict>
							<key>1</key>
							<integer>0</integer>
							<key>2</key>
							<integer>1065353216</integer>
							<key>3</key>
							<integer>1065353216</integer>
						</dict>
						<key>PatchbayInfo</key>
						<dict/>
					</dict>
				</dict>
			</dict>
		</dict>
	</array>
	<key>PathMaps</key>
	<array>
		<dict>
			<key>PathMap</key>
			<array>
				<array>
					<array>
						<array>
							<dict>
								<key>Amp</key>
								<dict>
									<key>Channels</key>
									<array>
										<dict>
											<key>Bind</key>
											<integer>1</integer>
											<key>Channel</key>
											<integer>1</integer>
										</dict>
										<dict>
											<key>Bind</key>
											<integer>2</integer>
											<key>Channel</key>
											<integer>2</integer>
										</dict>
									</array>
									<key>MuteInputAmp</key>
									<false/>
									<key>PublishMute</key>
									<true/>
									<key>PublishVolume</key>
									<true/>
									<key>VolumeInputAmp</key>
									<true/>
								</dict>
								<key>NodeID</key>
								<integer>20</integer>
							</dict>
							<dict>
								<key>Amp</key>
								<dict>
									<key>Channels</key>
									<array>
										<dict>
											<key>Bind</key>
											<integer>1</integer>
											<key>Channel</key>
											<integer>1</integer>
										</dict>
										<dict>
											<key>Bind</key>
											<integer>2</integer>
											<key>Channel</key>
											<integer>2</integer>
										</dict>
									</array>
									<key>MuteInputAmp</key>
									<false/>
									<key>PublishMute</key>
									<true/>
									<key>PublishVolume</key>
									<true/>
									<key>VolumeInputAmp</key>
									<true/>
								</dict>
								<key>NodeID</key>
								<integer>23</integer>
							</dict>
							<dict>
								<key>Boost</key>
								<integer>3</integer>
								<key>NodeID</key>
								<integer>27</integer>
							</dict>
						</array>
					</array>
				</array>
				<array>
					<array>
						<array>
							<dict>
								<key>Amp</key>
								<dict>
									<key>Channels</key>
									<array>
										<dict>
											<key>Bind</key>
											<integer>1</integer>
											<key>Channel</key>
											<integer>1</integer>
										</dict>
										<dict>
											<key>Bind</key>
											<integer>2</integer>
											<key>Channel</key>
											<integer>2</integer>
										</dict>
									</array>
									<key>MuteInputAmp</key>
									<false/>
									<key>PublishMute</key>
									<true/>
									<key>PublishVolume</key>
									<true/>
									<key>VolumeInputAmp</key>
									<true/>
								</dict>
								<key>NodeID</key>
								<integer>21</integer>
							</dict>
							<dict>
								<key>Boost</key>
								<integer>3</integer>
								<key>NodeID</key>
								<integer>35</integer>
							</dict>
						</array>
					</array>
				</array>
				<array>
					<array>
						<array>
							<dict>
								<key>Amp</key>
								<dict>
									<key>MuteInputAmp</key>
									<false/>
									<key>PublishMute</key>
									<true/>
									<key>PublishVolume</key>
									<true/>
									<key>VolumeInputAmp</key>
									<false/>
								</dict>
								<key>NodeID</key>
								<integer>25</integer>
							</dict>
							<dict>
								<key>Amp</key>
								<dict>
									<key>Channels</key>
									<array>
										<dict>
											<key>Bind</key>
											<integer>1</integer>
											<key>Channel</key>
											<integer>1</integer>
										</dict>
										<dict>
											<key>Bind</key>
											<integer>2</integer>
											<key>Channel</key>
											<integer>2</integer>
										</dict>
									</array>
									<key>MuteInputAmp</key>
									<false/>
									<key>PublishMute</key>
									<true/>
									<key>PublishVolume</key>
									<true/>
									<key>VolumeInputAmp</key>
									<false/>
								</dict>
								<key>NodeID</key>
								<integer>16</integer>
							</dict>
						</array>
					</array>
					<array>
						<array>
							<dict>
								<key>Amp</key>
								<dict>
									<key>MuteInputAmp</key>
									<false/>
									<key>PublishMute</key>
									<true/>
									<key>PublishVolume</key>
									<true/>
									<key>VolumeInputAmp</key>
									<false/>
								</dict>
								<key>NodeID</key>
								<integer>31</integer>
							</dict>
							<dict>
								<key>Amp</key>
								<dict>
									<key>Channels</key>
									<array>
										<dict>
											<key>Bind</key>
											<integer>1</integer>
											<key>Channel</key>
											<integer>1</integer>
										</dict>
										<dict>
											<key>Bind</key>
											<integer>2</integer>
											<key>Channel</key>
											<integer>2</integer>
										</dict>
									</array>
									<key>MuteInputAmp</key>
									<false/>
									<key>PublishMute</key>
									<true/>
									<key>PublishVolume</key>
									<true/>
									<key>VolumeInputAmp</key>
									<false/>
								</dict>
								<key>NodeID</key>
								<integer>17</integer>
							</dict>
						</array>
					</array>
				</array>
			</array>
			<key>PathMapID</key>
			<integer>12</integer>
		</dict>
	</array>
</dict>
</plist>
